{
  "id": "3889643",
  "name": "sf-ui",
  "font_family": "iconfont",
  "css_prefix_text": "icon-",
  "description": "",
  "glyphs": [
    {
      "icon_id": "34023418",
      "name": "chart_line_line",
      "font_class": "chart_line_line",
      "unicode": "e758",
      "unicode_decimal": 59224
    },
    {
      "icon_id": "34023419",
      "name": "chart_bar_line",
      "font_class": "chart_bar_line",
      "unicode": "e759",
      "unicode_decimal": 59225
    },
    {
      "icon_id": "34023420",
      "name": "chart_pie_line",
      "font_class": "chart_pie_line",
      "unicode": "e75a",
      "unicode_decimal": 59226
    },
    {
      "icon_id": "34023422",
      "name": "chat_line",
      "font_class": "chat_line",
      "unicode": "e75b",
      "unicode_decimal": 59227
    },
    {
      "icon_id": "34023423",
      "name": "check_line",
      "font_class": "check_line",
      "unicode": "e75c",
      "unicode_decimal": 59228
    },
    {
      "icon_id": "34023424",
      "name": "circle_arrow_left_line",
      "font_class": "circle_arrow_left_line",
      "unicode": "e75d",
      "unicode_decimal": 59229
    },
    {
      "icon_id": "34023425",
      "name": "circle_arrow_down_line",
      "font_class": "circle_arrow_down_line",
      "unicode": "e75e",
      "unicode_decimal": 59230
    },
    {
      "icon_id": "34023426",
      "name": "circle_club_line",
      "font_class": "circle_club_line",
      "unicode": "e75f",
      "unicode_decimal": 59231
    },
    {
      "icon_id": "34023427",
      "name": "circle_arrow_right_line",
      "font_class": "circle_arrow_right_line",
      "unicode": "e760",
      "unicode_decimal": 59232
    },
    {
      "icon_id": "34023428",
      "name": "check_circle_line",
      "font_class": "check_circle_line",
      "unicode": "e761",
      "unicode_decimal": 59233
    },
    {
      "icon_id": "34023429",
      "name": "circle_arrow_up_line",
      "font_class": "circle_arrow_up_line",
      "unicode": "e762",
      "unicode_decimal": 59234
    },
    {
      "icon_id": "34023430",
      "name": "classify_1_line",
      "font_class": "classify_1_line",
      "unicode": "e763",
      "unicode_decimal": 59235
    },
    {
      "icon_id": "34023431",
      "name": "classify_line",
      "font_class": "classify_line",
      "unicode": "e764",
      "unicode_decimal": 59236
    },
    {
      "icon_id": "34023432",
      "name": "close_circle_line",
      "font_class": "close_circle_line",
      "unicode": "e765",
      "unicode_decimal": 59237
    },
    {
      "icon_id": "34023433",
      "name": "building_line",
      "font_class": "building_line",
      "unicode": "e766",
      "unicode_decimal": 59238
    },
    {
      "icon_id": "34023434",
      "name": "close_line",
      "font_class": "close_line",
      "unicode": "e767",
      "unicode_decimal": 59239
    },
    {
      "icon_id": "34023435",
      "name": "clipboard_line",
      "font_class": "clipboard_line",
      "unicode": "e768",
      "unicode_decimal": 59240
    },
    {
      "icon_id": "34023436",
      "name": "click_line",
      "font_class": "click_line",
      "unicode": "e769",
      "unicode_decimal": 59241
    },
    {
      "icon_id": "34023438",
      "name": "college_line",
      "font_class": "college_line",
      "unicode": "e76a",
      "unicode_decimal": 59242
    },
    {
      "icon_id": "34023439",
      "name": "clue_line",
      "font_class": "clue_line",
      "unicode": "e76b",
      "unicode_decimal": 59243
    },
    {
      "icon_id": "34023440",
      "name": "comment_line",
      "font_class": "comment_line",
      "unicode": "e76c",
      "unicode_decimal": 59244
    },
    {
      "icon_id": "34023441",
      "name": "compass_line",
      "font_class": "compass_line",
      "unicode": "e76d",
      "unicode_decimal": 59245
    },
    {
      "icon_id": "34023442",
      "name": "computer_camera_line",
      "font_class": "computer_camera_line",
      "unicode": "e76e",
      "unicode_decimal": 59246
    },
    {
      "icon_id": "34023443",
      "name": "computer_camera_off_line",
      "font_class": "computer_camera_off_line",
      "unicode": "e76f",
      "unicode_decimal": 59247
    },
    {
      "icon_id": "34023446",
      "name": "chat_2_line",
      "font_class": "chat_2_line",
      "unicode": "e770",
      "unicode_decimal": 59248
    },
    {
      "icon_id": "34023466",
      "name": "brush_line",
      "font_class": "brush_line",
      "unicode": "e771",
      "unicode_decimal": 59249
    },
    {
      "icon_id": "34023515",
      "name": "car_line",
      "font_class": "car_line",
      "unicode": "e772",
      "unicode_decimal": 59250
    },
    {
      "icon_id": "34023525",
      "name": "category_search_line",
      "font_class": "category_search_line",
      "unicode": "e773",
      "unicode_decimal": 59251
    },
    {
      "icon_id": "34023531",
      "name": "chat_3_line",
      "font_class": "chat_3_line",
      "unicode": "e774",
      "unicode_decimal": 59252
    },
    {
      "icon_id": "34023538",
      "name": "coin_line",
      "font_class": "coin_line",
      "unicode": "e775",
      "unicode_decimal": 59253
    },
    {
      "icon_id": "34023571",
      "name": "computer_line",
      "font_class": "computer_line",
      "unicode": "e776",
      "unicode_decimal": 59254
    },
    {
      "icon_id": "34023608",
      "name": "comment_2_line",
      "font_class": "comment_2_line",
      "unicode": "e777",
      "unicode_decimal": 59255
    },
    {
      "icon_id": "34023637",
      "name": "connect_line",
      "font_class": "connect_line",
      "unicode": "e778",
      "unicode_decimal": 59256
    },
    {
      "icon_id": "34023638",
      "name": "cooperation_line",
      "font_class": "cooperation_line",
      "unicode": "e779",
      "unicode_decimal": 59257
    },
    {
      "icon_id": "34023639",
      "name": "copy_2_line",
      "font_class": "copy_2_line",
      "unicode": "e77a",
      "unicode_decimal": 59258
    },
    {
      "icon_id": "34023640",
      "name": "copyright_line",
      "font_class": "copyright_line",
      "unicode": "e77b",
      "unicode_decimal": 59259
    },
    {
      "icon_id": "34023641",
      "name": "copy_line",
      "font_class": "copy_line",
      "unicode": "e77c",
      "unicode_decimal": 59260
    },
    {
      "icon_id": "34023642",
      "name": "coupon_line",
      "font_class": "coupon_line",
      "unicode": "e77d",
      "unicode_decimal": 59261
    },
    {
      "icon_id": "34023643",
      "name": "copy_file_line",
      "font_class": "copy_file_line",
      "unicode": "e77e",
      "unicode_decimal": 59262
    },
    {
      "icon_id": "34023644",
      "name": "crown_line",
      "font_class": "crown_line",
      "unicode": "e77f",
      "unicode_decimal": 59263
    },
    {
      "icon_id": "34023645",
      "name": "cursor_line",
      "font_class": "cursor_line",
      "unicode": "e780",
      "unicode_decimal": 59264
    },
    {
      "icon_id": "34023647",
      "name": "data_cylinder_line",
      "font_class": "data_cylinder_line",
      "unicode": "e781",
      "unicode_decimal": 59265
    },
    {
      "icon_id": "34023648",
      "name": "data_preview_line",
      "font_class": "data_preview_line",
      "unicode": "e782",
      "unicode_decimal": 59266
    },
    {
      "icon_id": "34023649",
      "name": "data_square_line",
      "font_class": "data_square_line",
      "unicode": "e783",
      "unicode_decimal": 59267
    },
    {
      "icon_id": "34023650",
      "name": "develop_line",
      "font_class": "develop_line",
      "unicode": "e784",
      "unicode_decimal": 59268
    },
    {
      "icon_id": "34023651",
      "name": "delete_back_line",
      "font_class": "delete_back_line",
      "unicode": "e785",
      "unicode_decimal": 59269
    },
    {
      "icon_id": "34023652",
      "name": "device_line",
      "font_class": "device_line",
      "unicode": "e786",
      "unicode_decimal": 59270
    },
    {
      "icon_id": "34023653",
      "name": "device_switch_line",
      "font_class": "device_switch_line",
      "unicode": "e787",
      "unicode_decimal": 59271
    },
    {
      "icon_id": "34023654",
      "name": "diamond_line",
      "font_class": "diamond_line",
      "unicode": "e788",
      "unicode_decimal": 59272
    },
    {
      "icon_id": "34024227",
      "name": "pen_line",
      "font_class": "pen_line",
      "unicode": "e789",
      "unicode_decimal": 59273
    },
    {
      "icon_id": "34020740",
      "name": "rss_line",
      "font_class": "rss_line",
      "unicode": "e64a",
      "unicode_decimal": 58954
    },
    {
      "icon_id": "34022902",
      "name": "add_circle_line",
      "font_class": "add_circle_line",
      "unicode": "e715",
      "unicode_decimal": 59157
    },
    {
      "icon_id": "34022903",
      "name": "about_line",
      "font_class": "about_line",
      "unicode": "e716",
      "unicode_decimal": 59158
    },
    {
      "icon_id": "34022904",
      "name": "add_line",
      "font_class": "add_line",
      "unicode": "e717",
      "unicode_decimal": 59159
    },
    {
      "icon_id": "34022905",
      "name": "address_book_line",
      "font_class": "address_book_line",
      "unicode": "e718",
      "unicode_decimal": 59160
    },
    {
      "icon_id": "34022906",
      "name": "airplay_line",
      "font_class": "airplay_line",
      "unicode": "e719",
      "unicode_decimal": 59161
    },
    {
      "icon_id": "34022907",
      "name": "aim_line",
      "font_class": "aim_line",
      "unicode": "e71a",
      "unicode_decimal": 59162
    },
    {
      "icon_id": "34022908",
      "name": "adjust_line",
      "font_class": "adjust_line",
      "unicode": "e71b",
      "unicode_decimal": 59163
    },
    {
      "icon_id": "34022911",
      "name": "android_line",
      "font_class": "android_line",
      "unicode": "e71c",
      "unicode_decimal": 59164
    },
    {
      "icon_id": "34022912",
      "name": "alert_line",
      "font_class": "alert_line",
      "unicode": "e71d",
      "unicode_decimal": 59165
    },
    {
      "icon_id": "34022913",
      "name": "arow_to_up_line",
      "font_class": "arow_to_up_line",
      "unicode": "e71e",
      "unicode_decimal": 59166
    },
    {
      "icon_id": "34022914",
      "name": "alarm_2_line",
      "font_class": "alarm_2_line",
      "unicode": "e71f",
      "unicode_decimal": 59167
    },
    {
      "icon_id": "34022915",
      "name": "applet_line",
      "font_class": "applet_line",
      "unicode": "e720",
      "unicode_decimal": 59168
    },
    {
      "icon_id": "34022916",
      "name": "announcement_line",
      "font_class": "announcement_line",
      "unicode": "e721",
      "unicode_decimal": 59169
    },
    {
      "icon_id": "34022917",
      "name": "apple_line",
      "font_class": "apple_line",
      "unicode": "e722",
      "unicode_decimal": 59170
    },
    {
      "icon_id": "34022919",
      "name": "arrow_down_circle_line ",
      "font_class": "arrow_down_circle_line",
      "unicode": "e723",
      "unicode_decimal": 59171
    },
    {
      "icon_id": "34022920",
      "name": "arrow_down_line",
      "font_class": "arrow_down_line",
      "unicode": "e724",
      "unicode_decimal": 59172
    },
    {
      "icon_id": "34022921",
      "name": "arrow_left_circle_line",
      "font_class": "arrow_left_circle_line",
      "unicode": "e725",
      "unicode_decimal": 59173
    },
    {
      "icon_id": "34022922",
      "name": "arrow_left_line",
      "font_class": "arrow_left_line",
      "unicode": "e726",
      "unicode_decimal": 59174
    },
    {
      "icon_id": "34022923",
      "name": "arrow_right_circle_line",
      "font_class": "arrow_right_circle_line",
      "unicode": "e727",
      "unicode_decimal": 59175
    },
    {
      "icon_id": "34022924",
      "name": "arrow_up_circle_line",
      "font_class": "arrow_up_circle_line",
      "unicode": "e728",
      "unicode_decimal": 59176
    },
    {
      "icon_id": "34022925",
      "name": "arrow_right_line",
      "font_class": "arrow_right_line",
      "unicode": "e729",
      "unicode_decimal": 59177
    },
    {
      "icon_id": "34022926",
      "name": "article_line",
      "font_class": "article_line",
      "unicode": "e72a",
      "unicode_decimal": 59178
    },
    {
      "icon_id": "34022927",
      "name": "at_line",
      "font_class": "at_line",
      "unicode": "e72b",
      "unicode_decimal": 59179
    },
    {
      "icon_id": "34022928",
      "name": "arrow_up_line",
      "font_class": "arrow_up_line",
      "unicode": "e72c",
      "unicode_decimal": 59180
    },
    {
      "icon_id": "34022929",
      "name": "arow_to_down_line",
      "font_class": "arow_to_down_line",
      "unicode": "e72d",
      "unicode_decimal": 59181
    },
    {
      "icon_id": "34022966",
      "name": "activity_line",
      "font_class": "activity_line",
      "unicode": "e72e",
      "unicode_decimal": 59182
    },
    {
      "icon_id": "34022976",
      "name": "alarm_line",
      "font_class": "alarm_line",
      "unicode": "e72f",
      "unicode_decimal": 59183
    },
    {
      "icon_id": "34023048",
      "name": "alipay_pay_line",
      "font_class": "alipay_pay_line",
      "unicode": "e730",
      "unicode_decimal": 59184
    },
    {
      "icon_id": "34023112",
      "name": "alipay_line",
      "font_class": "alipay_line",
      "unicode": "e731",
      "unicode_decimal": 59185
    },
    {
      "icon_id": "34023118",
      "name": "attachment_line",
      "font_class": "attachment_line",
      "unicode": "e732",
      "unicode_decimal": 59186
    },
    {
      "icon_id": "34023119",
      "name": "authority_line",
      "font_class": "authority_line",
      "unicode": "e733",
      "unicode_decimal": 59187
    },
    {
      "icon_id": "34023120",
      "name": "audit_line",
      "font_class": "audit_line",
      "unicode": "e734",
      "unicode_decimal": 59188
    },
    {
      "icon_id": "34023121",
      "name": "award_line",
      "font_class": "award_line",
      "unicode": "e735",
      "unicode_decimal": 59189
    },
    {
      "icon_id": "34023124",
      "name": "badge_line",
      "font_class": "badge_line",
      "unicode": "e736",
      "unicode_decimal": 59190
    },
    {
      "icon_id": "34023125",
      "name": "beacon_line",
      "font_class": "beacon_line",
      "unicode": "e737",
      "unicode_decimal": 59191
    },
    {
      "icon_id": "34023126",
      "name": "bike_line",
      "font_class": "bike_line",
      "unicode": "e738",
      "unicode_decimal": 59192
    },
    {
      "icon_id": "34023127",
      "name": "basket_line",
      "font_class": "basket_line",
      "unicode": "e739",
      "unicode_decimal": 59193
    },
    {
      "icon_id": "34023128",
      "name": "bill_line",
      "font_class": "bill_line",
      "unicode": "e73a",
      "unicode_decimal": 59194
    },
    {
      "icon_id": "34023129",
      "name": "bill_1_line",
      "font_class": "bill_1_line",
      "unicode": "e73b",
      "unicode_decimal": 59195
    },
    {
      "icon_id": "34023130",
      "name": "bluetooth_line",
      "font_class": "bluetooth_line",
      "unicode": "e73c",
      "unicode_decimal": 59196
    },
    {
      "icon_id": "34023131",
      "name": "board_line",
      "font_class": "board_line",
      "unicode": "e73d",
      "unicode_decimal": 59197
    },
    {
      "icon_id": "34023132",
      "name": "bluetooth_off_line",
      "font_class": "bluetooth_off_line",
      "unicode": "e73e",
      "unicode_decimal": 59198
    },
    {
      "icon_id": "34023133",
      "name": "book_open_line",
      "font_class": "book_open_line",
      "unicode": "e73f",
      "unicode_decimal": 59199
    },
    {
      "icon_id": "34023134",
      "name": "book_line",
      "font_class": "book_line",
      "unicode": "e740",
      "unicode_decimal": 59200
    },
    {
      "icon_id": "34023135",
      "name": "book_2_line",
      "font_class": "book_2_line",
      "unicode": "e741",
      "unicode_decimal": 59201
    },
    {
      "icon_id": "34023136",
      "name": "bookmark_line",
      "font_class": "bookmark_line",
      "unicode": "e742",
      "unicode_decimal": 59202
    },
    {
      "icon_id": "34023137",
      "name": "basketball_line",
      "font_class": "basketball_line",
      "unicode": "e743",
      "unicode_decimal": 59203
    },
    {
      "icon_id": "34023286",
      "name": "bank_card_line",
      "font_class": "bank_card_line",
      "unicode": "e744",
      "unicode_decimal": 59204
    },
    {
      "icon_id": "34023369",
      "name": "bank_line",
      "font_class": "bank_line",
      "unicode": "e745",
      "unicode_decimal": 59205
    },
    {
      "icon_id": "34023397",
      "name": "box_line",
      "font_class": "box_line",
      "unicode": "e746",
      "unicode_decimal": 59206
    },
    {
      "icon_id": "34023398",
      "name": "box_2_line",
      "font_class": "box_2_line",
      "unicode": "e747",
      "unicode_decimal": 59207
    },
    {
      "icon_id": "34023399",
      "name": "box_solid_line",
      "font_class": "box_solid_line",
      "unicode": "e748",
      "unicode_decimal": 59208
    },
    {
      "icon_id": "34023400",
      "name": "briefcase_line",
      "font_class": "briefcase_line",
      "unicode": "e749",
      "unicode_decimal": 59209
    },
    {
      "icon_id": "34023402",
      "name": "building_2_line",
      "font_class": "building_2_line",
      "unicode": "e74a",
      "unicode_decimal": 59210
    },
    {
      "icon_id": "34023403",
      "name": "bug_line",
      "font_class": "bug_line",
      "unicode": "e74b",
      "unicode_decimal": 59211
    },
    {
      "icon_id": "34023404",
      "name": "bulb_line",
      "font_class": "bulb_line",
      "unicode": "e74c",
      "unicode_decimal": 59212
    },
    {
      "icon_id": "34023405",
      "name": "calculator_line",
      "font_class": "calculator_line",
      "unicode": "e74d",
      "unicode_decimal": 59213
    },
    {
      "icon_id": "34023406",
      "name": "calendar_line",
      "font_class": "calendar_line",
      "unicode": "e74e",
      "unicode_decimal": 59214
    },
    {
      "icon_id": "34023407",
      "name": "camcorder_line",
      "font_class": "camcorder_line",
      "unicode": "e74f",
      "unicode_decimal": 59215
    },
    {
      "icon_id": "34023408",
      "name": "calendar_search_line",
      "font_class": "calendar_search_line",
      "unicode": "e750",
      "unicode_decimal": 59216
    },
    {
      "icon_id": "34023409",
      "name": "car_2_line",
      "font_class": "car_2_line",
      "unicode": "e751",
      "unicode_decimal": 59217
    },
    {
      "icon_id": "34023410",
      "name": "camera_line",
      "font_class": "camera_line",
      "unicode": "e752",
      "unicode_decimal": 59218
    },
    {
      "icon_id": "34023411",
      "name": "calendar_2_line",
      "font_class": "calendar_2_line",
      "unicode": "e753",
      "unicode_decimal": 59219
    },
    {
      "icon_id": "34023412",
      "name": "category_list_line",
      "font_class": "category_list_line",
      "unicode": "e754",
      "unicode_decimal": 59220
    },
    {
      "icon_id": "34023413",
      "name": "cellphone_line",
      "font_class": "cellphone_line",
      "unicode": "e755",
      "unicode_decimal": 59221
    },
    {
      "icon_id": "34023416",
      "name": "certificate_line_1",
      "font_class": "certificate_line_1",
      "unicode": "e756",
      "unicode_decimal": 59222
    },
    {
      "icon_id": "34023417",
      "name": "certificate_line",
      "font_class": "certificate_line",
      "unicode": "e757",
      "unicode_decimal": 59223
    }
  ]
}
